{"status":"ok","count":10,"count_total":13,"pages":2,"posts":[{"id":7,"type":"post","slug":"introduction","url":"http:\/\/indirectpayments.org.uk\/2013\/09\/introduction\/","status":"publish","title":"Introduction","title_plain":"Introduction","content":"<p>Since 2009 it has been possible for someone to receive a direct payment even if they lack the\u00a0mental capacity\u00a0to\u00a0consent\u00a0to it. \u0004The Care Act 2014 \u0005sets out new rules for direct payments. These are explained in statutory guidance that was published by the Department of Health in 2014. This replaces the previous guidance published by the Department of Health in 2009. It says that a local authority (or \u2018council\u2019) must provide a direct payment to someone who requests one and who meets the conditions set out in the Act and its \u0004Regulations\u0005. The council also has a duty to consider making a direct payment to people who lack capacity to request one themselves. This is often informally referred to as an\u00a0<strong>&#8216;indirect payment&#8217;<\/strong>.<\/p>\n<p>For this to happen, the council must establish that although the person lacks capacity to\u00a0consent to receive a direct payment, it is nevertheless in their\u00a0best interests\u00a0to receive assistance in this way\u00a0<strong>and<\/strong> that there is an \u2018authorised person\u2019 to make the request on their behalf.<\/p>\n<p>Because the use of\u00a0indirect payments\u00a0relies on establishing that someone lacks mental capacity to\u00a0request a direct payment, it is important that social care practitioners have a good understanding of the\u00a0Mental Capacity Act\u00a0and the\u00a0Mental Capacity Act Code of \u0004Practice\u0005.<\/p>\n<p>The Care and Support Act Statutory Guidance, which sets out how the Care Act should be implemented, says that social care practitioners need to understand their responsibilities for ensuring that people who lack capacity to make certain decisions about their lives are able to take advantage of the full range of options for receiving care and support, including\u00a0direct payments. This guide is designed to help social care practitioners work through the process of considering an indirect payment as a way of doing this. The sections listed below give practical hints and tips about the key stages in the process.<\/p>\n<p>The guide is intended to complement\u00a0<a title=\"Care Act Statutory Guidance\" href=\"https:\/\/www.gov.uk\/government\/publications\/care-act-2014-statutory-guidance-for-implementation\" target=\"_blank\">the official guidance\u0005<\/a>\u00a0about the use of\u00a0direct payments\u00a0in social care issued by the Department of Health.<\/p>\n<figure>Direct Payments and the Care Act 2014<\/p>\n<p>The Care Act 2014 provides, for the first time, a single legal framework for assessing the care and support needs of an individual, planning how best to meet those needs and how their care and support is to be paid for. The local authority has a duty to assess the capacity of the person with care needs to take part in each stage of this process, including the key decision about whether or not to use direct payments.<\/p>\n<p>Sections 31-33 of the Act consolidate the existing legislation on direct payments. People with capacity can request a direct payment, and where they meet the conditions set out in this section the local authority must provide direct payments to meet their assessed eligible needs.<\/p>\n<p>Section 32 requires local authorities to make (in)direct payments to an authorised person on behalf of someone who lacks capacity to request this themselves, provided five conditions set out in the section are met.<\/p>\n<p>Section 33 allows for the publication of Regulations (The Care and Support (Direct Payments) Regulations 2014) which along with Chapter 12 of the Care and Support Statutory Guidance, replace the 2009 guidance on direct payments for people who lack capacity.<\/p>\n<\/figure>\n<div class=\"checklist\"><button type=\"button\">Checklist for practitioners<\/button>\n<div>\n<ul>\n<li>Are you satisfied that the person is eligible for support from the council?<\/li>\n<li>Have the person\u2019s needs been assessed using the council\u2019s official process?<\/li>\n<li>Has this information been shared with the person, and family and friends supporting or caring for them?<\/li>\n<li>Have you established whether a council-managed personal budget or a direct payment is the preferred option for purchasing the care and support?<\/li>\n<li>Have you explained what personal budgets and direct payments are with the person and their family\/friends?<\/li>\n<\/ul>\n<\/div>\n<\/div>\n","excerpt":"<p>Since 2009 it has been possible for someone to receive a direct payment even if they lack the\u00a0mental capacity\u00a0to\u00a0consent\u00a0to it. \u0004The Care Act 2014 \u0005sets out new rules for direct payments. These are explained in statutory guidance that was published by the Department of Health in 2014. This replaces the previous guidance published by the &hellip; <a href=\"http:\/\/indirectpayments.org.uk\/2013\/09\/introduction\/\" class=\"more-link\">Continue reading <span class=\"screen-reader-text\">Introduction<\/span> <span class=\"meta-nav\">&rarr;<\/span><\/a><\/p>\n","date":"2013-09-16 00:00:45","modified":"2015-03-02 10:44:51","categories":[],"tags":[],"author":{"id":1,"slug":"the_curator","name":"the_curator","first_name":"","last_name":"","nickname":"the_curator","url":"","description":""},"comments":[],"attachments":[],"comment_count":0,"comment_status":"open","custom_fields":{}},{"id":22,"type":"post","slug":"does-the-person-have-mental-capacity-to-consent-to-a-direct-payment-2","url":"http:\/\/indirectpayments.org.uk\/2013\/09\/does-the-person-have-mental-capacity-to-consent-to-a-direct-payment-2\/","status":"publish","title":"Does the person have mental capacity to consent to a direct payment?","title_plain":"Does the person have mental capacity to consent to a direct payment?","content":"<p>As a practitioner it is your responsibility to establish whether the person with care needs has the mental capacity to request a direct payment. The Mental Capacity Act (MCA) says that you can only assess a person\u2019s capacity to make <em>a specific decision at the time that it needs to be made.<\/em><\/p>\n<p>The decision about whether or not to opt for a direct payment forms part of broader discussion about the person\u2019s eligibility for support, their care needs and how best to meet those needs. The guidance says that most requests to receive direct payments will occur during the care planning stage as this is when the local authority must inform the person of the needs that could be met via direct payments.<\/p>\n<p>You will already have considered whether or not the person has \u2018\u0004substantial difficulty\u0005\u2019 in being involved in this broader discussion and therefore requires the support of other people, including an \u0004independent advocate\u0005 where necessary. In doing so it may help to consider the extent to which they understand that:<\/p>\n<ul>\n<li>They need care or support<\/li>\n<li>Their care or support has to be paid for<\/li>\n<li>There are different ways to get care or support<\/li>\n<li>They can choose who will support them<\/li>\n<li>If they choose their own support, they will be responsible for paying for it.<\/li>\n<\/ul>\n<p>From this you may also have formed an opinion about the person\u2019s capacity to make the request for a direct payment based on information already gathered during an eligibility assessment and the care planning process. In some situations a person may have capacity to make a request for a direct payment but you may have concerns that they lack capacity to make some decisions about managing the money in relation to their care and support. In these situations it may be appropriate to discuss with the person about them having a \u2018nominated\u2019 person to help them manage the direct payment (see box below).<\/p>\n<p>However, you should be clear in your own mind, and with other people involved, that you have made a separate assessment of the person\u2019s capacity to request a direct payment, at the point at which the request needs to be made.<\/p>\n<figure>It is important not to confuse a person\u2019s capacity to request a direct payment and their capacity to manage it. Someone may be able to decide to have a direct payment, but not be able to make decisions to arrange their support or do the paperwork associated with it. In this situation they could still have a direct payment and get help with the practical tasks of managing it by nominating an individual or an organisation to do this for them (known as the \u2018nominated person\u2019). With the agreement of the person with the care and support needs, the direct payment could be made to the nominated person. This is not the same as an \u2018indirect payment\u2019 for a person who lacks capacity to request a direct payment.<\/figure>\n<p><strong>Assessing capacity<\/strong><\/p>\n<p>In most instances, as practitioner, you should be able to assess the person\u2019s mental capacity yourself, taking advice and information from people who know the person well. In some more complex situations you may need specialist help from a psychiatrist, psychologist or other specialist clinician, therapist or social care practitioner.<\/p>\n<p>The test of capacity requires you to establish that:<\/p>\n<ul>\n<li>The person is not simply making an unwise decision, which the MCA clearly states is not proof in its own right of a lack of capacity;<\/li>\n<li>The person has an impairment of the mind or brain, or some sort of disturbance affecting the way their mind or brain works (either temporary or permanent) which is the cause of their inability to make the decision, such as:\n<ul>\n<li>A mental illness<\/li>\n<li>A dementia<\/li>\n<li>A learning disability<\/li>\n<li>The symptoms of alcohol or drug abuse<\/li>\n<li>Delirium<\/li>\n<li>Confusion, drowsiness or loss of consciousness<\/li>\n<li>Concussion following a head injury.<\/li>\n<\/ul>\n<\/li>\n<li>The person is unable to make the decision in question at the time it needs to be made using the four stage &#8216;Functional test of capacity&#8217;, after all practicable steps have been taken to help them do so without success.<\/li>\n<\/ul>\n<figure>The Mental Capacity Act Code of Practice gives detailed guidance about how to assess someone\u2019s capacity to make a decision (see the useful links section for more information).<\/figure>\n<p>Before starting the assessment, you should assume that the person does have the mental capacity to make the decision &#8211; this is an important principle that helps that people are treated fairly and not discriminated against on the basis of their disability, age, appearance or behaviour. You should also make sure that \u2018all practicable steps\u2019 are taken to help the person make the decision themselves. These might include:<\/p>\n<ul>\n<li>Involving people who know the person well<\/li>\n<li>Giving the person information about the decision in the format they are most likely to understand<\/li>\n<li>Communicating with them in ways they generally use<\/li>\n<li>Visiting them more than once, in case their abilities change at different times<\/li>\n<li>People need to be relaxed and as confident as possible, so they will need to be in the place they know, and probably with people they know.<\/li>\n<\/ul>\n<figure>Make sure that the person and their family have information about direct payments and the Mental Capacity Act. Hft\u2019s Family Carers Support Service (a national charity) has an MCA resource specifically designed for family carers. The Foundation for People with Learning Disabilities has produced \u0004<a href=\"http:\/\/www.learningdisabilities.org.uk\/our-work\/family-friends-community\/thinking-ahead\/\">\u2018Thinking Ahead\u2019<\/a>\u0005, a guide to planning for the future of a loved one with a learning disability, in the event that their close relatives die before them.<\/figure>\n<p>Getting these elements in place will frame the way that you establish the person\u2019s capacity to make this decision.<\/p>\n<p>You should also bear in mind that a key test of capacity laid out in the Mental Capacity Act is a person\u2019s ability to communicate a decision. You will therefore need to be aware of how the person normally communicates when making your assessment.<\/p>\n<figure>Although it may take time to prepare for an assessment of capacity, the assessment itself and any best interests decisions that follow can take place within existing person-centred planning meetings. This may allow you to consult with others regarding their views of the person\u2019s mental capacity.<\/figure>\n<p><strong>Recording the outcome<\/strong><\/p>\n<p>Keep a record of how the assessment of capacity was carried out. It is good practice to keep a note of the steps you took to establish whether or not the person had capacity to request a direct payment. You should also write down the conclusions you came to and your reasons for your decision.<\/p>\n<p>It may not always be possible to reach a conclusion about the person\u2019s mental capacity and you may need to seek a second opinion if you are unsure about their capacity to make this decision, or someone (including the person) disagrees with your assessment. A second opinion may be sought from a colleague or manager, or someone with specialist skills such as a psychiatrist, psychologist, other specialist clinician, therapist or social care practitioner.<\/p>\n<figure>You can audit your assessment of capacity using <a href=\"http:\/\/www.amcat.org.uk\/\">\u0004AMCAT\u0005 an online tool<\/a> specifically designed to help practitioners improve the way they assess mental capacity.<\/figure>\n<p>If you conclude that the person does have mental capacity to request a direct payment you will still need to have a conversation with them about the options available \u2013 for example, using a mix of council services and support that they arrange for themselves. They should also be given advice about the direct payment support services that are available locally.<\/p>\n<p>If the person lacks mental capacity you will need to consider whether arranging their care and support through an indirect payment would be in their best interests and you need to identify an authorised \u0004person\u0005 to make the request on their behalf.<\/p>\n<figure>You should remind anyone acting as an authorised person that they only have authority to make certain decisions about the person\u2019s care and support, and their financial affairs in relation to these, and that they should always consult with the person where it is practicable to do so. If they have reason to believe that the person is unable to make other decisions, they should assess the person\u2019s capacity and follow a best interests process if necessary (although any decision about other financial matters needs to be authorised through a Lasting Power of Attorney or the Court of Protection).<\/figure>\n<div class=\"checklist\">\n<p><button type=\"button\">Checklist for practitioners<\/button><\/p>\n<div>\n<ul>\n<li>Have you established that the person lacks the capacity to request a direct payment?<\/li>\n<li>Have you carried out an assessment of capacity in accordance with the MCA and the MCA Code of Practice?<\/li>\n<li>Have you recorded how the assessment of capacity was carried out and what the outcome was?<\/li>\n<\/ul>\n<\/div>\n<\/div>\n","excerpt":"<p>As a practitioner it is your responsibility to establish whether the person with care needs has the mental capacity to request a direct payment. The Mental Capacity Act (MCA) says that you can only assess a person\u2019s capacity to make a specific decision at the time that it needs to be made. The decision about &hellip; <a href=\"http:\/\/indirectpayments.org.uk\/2013\/09\/does-the-person-have-mental-capacity-to-consent-to-a-direct-payment-2\/\" class=\"more-link\">Continue reading <span class=\"screen-reader-text\">Does the person have mental capacity to consent to a direct payment?<\/span> <span class=\"meta-nav\">&rarr;<\/span><\/a><\/p>\n","date":"2013-09-15 11:29:32","modified":"2015-03-02 10:46:30","categories":[],"tags":[],"author":{"id":1,"slug":"the_curator","name":"the_curator","first_name":"","last_name":"","nickname":"the_curator","url":"","description":""},"comments":[],"attachments":[{"id":23,"url":"http:\/\/indirectpayments.neontribe.co.uk\/wp-content\/uploads\/2013\/09\/helpfultip.png","slug":"helpfultip","title":"Helpful tip","description":"","caption":"","parent":22,"mime_type":"image\/png","images":{"full":{"url":"http:\/\/indirectpayments.org.uk\/wp-content\/uploads\/2013\/09\/helpfultip.png","width":56,"height":57},"thumbnail":{"url":"http:\/\/indirectpayments.org.uk\/wp-content\/uploads\/2013\/09\/helpfultip.png","width":56,"height":57},"medium":{"url":"http:\/\/indirectpayments.org.uk\/wp-content\/uploads\/2013\/09\/helpfultip.png","width":56,"height":57},"large":{"url":"http:\/\/indirectpayments.org.uk\/wp-content\/uploads\/2013\/09\/helpfultip.png","width":56,"height":57},"post-thumbnail":{"url":"http:\/\/indirectpayments.org.uk\/wp-content\/uploads\/2013\/09\/helpfultip.png","width":56,"height":57}}},{"id":24,"url":"http:\/\/indirectpayments.neontribe.co.uk\/wp-content\/uploads\/2013\/09\/mental_capacity_act_code_of_practise.png","slug":"mental_capacity_act_code_of_practise","title":"mental capacity act code of practise","description":"","caption":"","parent":22,"mime_type":"image\/png","images":{"full":{"url":"http:\/\/indirectpayments.org.uk\/wp-content\/uploads\/2013\/09\/mental_capacity_act_code_of_practise.png","width":56,"height":79},"thumbnail":{"url":"http:\/\/indirectpayments.org.uk\/wp-content\/uploads\/2013\/09\/mental_capacity_act_code_of_practise.png","width":56,"height":79},"medium":{"url":"http:\/\/indirectpayments.org.uk\/wp-content\/uploads\/2013\/09\/mental_capacity_act_code_of_practise.png","width":56,"height":79},"large":{"url":"http:\/\/indirectpayments.org.uk\/wp-content\/uploads\/2013\/09\/mental_capacity_act_code_of_practise.png","width":56,"height":79},"post-thumbnail":{"url":"http:\/\/indirectpayments.org.uk\/wp-content\/uploads\/2013\/09\/mental_capacity_act_code_of_practise.png","width":56,"height":79}}}],"comment_count":0,"comment_status":"open","custom_fields":{}},{"id":36,"type":"post","slug":"making-a-best-interests-decision-about-using-an-indirect-payment","url":"http:\/\/indirectpayments.org.uk\/2013\/09\/making-a-best-interests-decision-about-using-an-indirect-payment\/","status":"publish","title":"Making a \u2018best interests\u2019 decision about using an indirect payment","title_plain":"Making a \u2018best interests\u2019 decision about using an indirect payment","content":"<p>The Care Act says that where the person in need of care and support has been assessed as lacking capacity to request a direct payment, an authorised person can request the direct payment on the person\u2019s behalf. This is sometimes informally called an indirect payment. For this to happen, the local authority must be satisfied that it is in the best interests of the person with care needs to have a direct payment managed by someone else. <\/p>\n<p>You can only make a best interests decision if you have established that the person lacks capacity to make the particular decision under consideration. If you have not already done so, you must ensure that an assessment of the person\u2019s capacity has been carried out.<\/p>\n<p>The best interests decision-maker is usually someone who is closely involved with the person at the time the decision needs to be made or who needs to act on behalf of the person who lacks capacity. In this situation, you will be the decision-maker because it is the council that has a duty to establish whether or not the person\u2019s best interests will be served by using an indirect payment before it can agree to this happening.<\/p>\n<figure>If there is someone with powers to make decisions about the person\u2019s welfare, granted under a Lasting Power of Attorney or authority as a welfare deputy appointed by the Court of Protection, they will decide whether an indirect payment would be in the person\u2019s best interests.<\/figure>\n<p>When making a best interests decision you must follow the Mental Capacity Act Code of Practice. The Code sets out the responsibilities of decision-makers and offers useful guidance about the process of making a decision and acting in someone\u2019s best interests.<\/p>\n<figure>Is the person likely to regain capacity; for example, after receiving medical treatment? If so, you may be able to wait until the person is able to decide for themselves.<\/figure>\n<p>[case_study number=&#8221;2&#8243;]\u0004<\/p>\n<p><strong>What is a best interests decision? <\/strong><\/p>\n<p>A decision or action that is taken in someone\u2019s best interests must consider and take into account what the person may have decided for themselves, if they did have capacity.<\/p>\n<p>The Mental Capacity Act Code of Practice sets out a best interests checklist that will help you make a judgement. The following are some of the things you should bear in mind when making a best interests decision about whether or not the person should have an indirect payment.<\/p>\n<p>Avoid assumptions about the person\u2019s best interests merely on the basis of their age or appearance, condition or any aspect of their behaviour. For example, do not assume that an indirect payment would not suit a person with a learning disability simply because no-one with a learning disability has ever had one in your local authority.<\/p>\n<p>Consider all the circumstances relevant to the decision. In this situation a vital piece of information is whether there is a person who could fulfil the role of \u2018authorised person\u2019? This is someone, often a relative or family carer, who is willing, able and suitable to take on responsibility for managing the indirect payment and making decisions about how it will be spent.<\/p>\n<p>You must be satisfied that the authorised person understands the role, is willing to take it on and will act in the person\u2019s best interests (they may need information, advice and guidance)<\/p>\n<p>In making the decision you should also consider alternative ways of meeting the person\u2019s needs, other than an indirect payment. For example, there may be a council-run service that meets the person\u2019s needs. You should also consider whether a mixture of support, funded through indirect payments and council provision would best meet the person\u2019s needs.<\/p>\n<p>[case_study number=&#8221;3&#8243;]\u0004<\/p>\n<p>Where there is more than one option you must consider if there is a course of action that will be less restrictive of the person\u2019s basic rights and freedom. This is not just about physical freedom. For example, living in a place that enables the person to maintain regular contact with family and friends may be the most important factor in establishing the option that is in their best interests.<\/p>\n<p>Remember that although the person lacks capacity to make this decision, they may be able to make a significant contribution to the process by telling you about their likes and dislikes, feelings, beliefs and values. Other people may be able to tell you how best to communicate with the person and what the person has said about these things in the past.<\/p>\n<p>[case_study number=&#8221;4&#8243;]\u0004<\/p>\n<p>Consult with other people about what is likely to be in the person\u2019s best interests. This will include anyone who already has formal decision-making powers on behalf of the person, as an appointee for welfare benefits, court-appointed deputies and attorneys appointed under a Lasting Power of Attorney (LPA), carers, close relatives and anyone else with a genuine and active interest in the person\u2019s welfare.<\/p>\n<figure>Remember to involve the person who lacks capacity and other people at all stages in the decision-making process. This will improve the quality of the final decision and the actions that flow from it (such as, appointing an authorised  person), as well as reducing the chances of disagreement.<\/figure>\n<p>If people are to be properly involved in a best interests decision they will need good, clear information about how indirect payments work. You should feel confident about explaining this to them, but it is also worth finding out about information and support that you can guide them to.<\/p>\n<p>A best interests process doesn\u2019t always mean a formal meeting. Indeed meetings are often not  the best way of enabling the person to be involved in the process. It\u2019s about consultation and conversation. For example, both an assessment of capacity and a best interests process can take place within existing person-centred planning meetings.<\/p>\n<p>Whilst you as the social care practitioner will be the ultimate decision maker regarding an indirect payment (except where there is someone with authority under the Mental Capacity Act, such as an attorney or deputy), you should aim to reach a decision that is supported by everyone who will be involved in implementing it. Keep a record of the decision, how it was reached and any disagreements that have been expressed.<\/p>\n<figure>Some young people under the age of 18 use direct payments that are managed by their parents. As they reach adulthood the council will need to consider with the young person and their family whether to continue using direct payments and, if they lack capacity to decide this, and whether it is in the person\u2019s best interests to have an indirect payment.<\/figure>\n<p>[case_study number=&#8221;5&#8243;]\u0004<\/p>\n<figure>The <a href=\"http:\/\/www.bestinterests.org.uk\/\">BRIDGET online tool<\/a> allows you to audit a best interests decision that you have \u0004made\u0005.<\/figure>\n<figure>You should remind anyone acting as an authorised person that they only have authority to make certain decisions about the person\u2019s care and support, and financial matters in relation to this, and that they should always seek the person\u2019s views where it is practicable to do so. If they have reason to believe that the person is unable to make other decisions, they should assess the person\u2019s capacity and follow a best interests process if necessary (although any decision about other financial matters needs to be authorised through a Lasting Power of Attorney or the Court of Protection).<\/figure>\n<div class=\"checklist\"><button type=\"button\" aria-expanded=\"false\">Checklist for practitioners<\/button>\n<div>\n<ul>\n<li>Has it been decided that it would be in the person\u2019s best interests to have an \u201cindirect\u201d payment?<\/li>\n<li>Have you followed the best interests process in accordance with the MCA and the MCA Code of Practice?<\/li>\n<li>Is there someone who is suitable, willing and able to receive the indirect payment as the authorised person?<\/li>\n<li>Have you made sure that there is no one else (such as a welfare attorney or deputy) who should be making this decision?<\/li>\n<li>Have you involved all the relevant people in this decision?<\/li>\n<li>Have you recorded how you carried out the best interests process and what was decided?<\/li>\n<\/ul>\n<\/div>\n<\/div>\n","excerpt":"<p>The Care Act says that where the person in need of care and support has been assessed as lacking capacity to request a direct payment, an authorised person can request the direct payment on the person\u2019s behalf. This is sometimes informally called an indirect payment. For this to happen, the local authority must be satisfied &hellip; <a href=\"http:\/\/indirectpayments.org.uk\/2013\/09\/making-a-best-interests-decision-about-using-an-indirect-payment\/\" class=\"more-link\">Continue reading <span class=\"screen-reader-text\">Making a \u2018best interests\u2019 decision about using an indirect payment<\/span> <span class=\"meta-nav\">&rarr;<\/span><\/a><\/p>\n","date":"2013-09-14 11:44:00","modified":"2015-02-25 14:50:40","categories":[],"tags":[],"author":{"id":1,"slug":"the_curator","name":"the_curator","first_name":"","last_name":"","nickname":"the_curator","url":"","description":""},"comments":[],"attachments":[{"id":38,"url":"http:\/\/indirectpayments.neontribe.co.uk\/wp-content\/uploads\/2013\/09\/Guidance_on_direct_payments.png","slug":"guidance_on_direct_payments","title":"Guidance on direct payments","description":"","caption":"","parent":36,"mime_type":"image\/png","images":{"full":{"url":"http:\/\/indirectpayments.org.uk\/wp-content\/uploads\/2013\/09\/Guidance_on_direct_payments.png","width":50,"height":71},"thumbnail":{"url":"http:\/\/indirectpayments.org.uk\/wp-content\/uploads\/2013\/09\/Guidance_on_direct_payments.png","width":50,"height":71},"medium":{"url":"http:\/\/indirectpayments.org.uk\/wp-content\/uploads\/2013\/09\/Guidance_on_direct_payments.png","width":50,"height":71},"large":{"url":"http:\/\/indirectpayments.org.uk\/wp-content\/uploads\/2013\/09\/Guidance_on_direct_payments.png","width":50,"height":71},"post-thumbnail":{"url":"http:\/\/indirectpayments.org.uk\/wp-content\/uploads\/2013\/09\/Guidance_on_direct_payments.png","width":50,"height":71}}}],"comment_count":0,"comment_status":"open","custom_fields":{}},{"id":43,"type":"post","slug":"identifying-an-authorised-person","url":"http:\/\/indirectpayments.org.uk\/2013\/09\/identifying-an-authorised-person\/","status":"publish","title":"Identifying an \u2018authorised person\u2019","title_plain":"Identifying an \u2018authorised person\u2019","content":"<p>The Care Act says that councils should make direct payments to someone who lacks the where there is an appropriate and willing person to receive the direct payments on their behalf. This person is known as the \u2018authorised person\u2019. Prior to the Care Act coming into force they were known as the \u2018suitable person\u2019. From April 2014 the term \u2018authorised person\u2019 replaces \u2018suitable person\u2019.<\/p>\n<figure><strong>\u2018Nominated\u2019 person or \u2018authorised\u2019 person?<\/strong><\/p>\n<p>The Care Act establishes two roles that allow someone to manage a direct payment on behalf of a person with care needs. Where the person with care needs <em>has<\/em> the capacity to request a direct payment from the local authority, he or she may choose to <strong>nominate<\/strong> someone to manage the direct payment on their behalf (who is called the \u2018nominated person\u2019). Where the person with care needs lacks capacity someone must be <strong>authorised<\/strong> to act on their behalf, in their best interests.<\/figure>\n<p>[case_study number=&#8221;8&#8243;]<\/p>\n<p>In the process of deciding whether it is in the best interests of the person to have an indirect payment, you are likely to have identified someone who could be an authorised person. Before the authorised person can request the indirect payment, you must establish that they meet all five of the conditions for the role set out in the Regulations. The guidance says that \u2018failure to meet any of the conditions would result in the request being declined\u2019 (para 12.17).<\/p>\n<p><strong>Condition 1: where the person is not authorised under the Mental Capacity Act 2005 but there is at least one person who is so authorised, that person who is authorised supports the person\u2019s request.<\/strong><\/p>\n<p>You should check whether there is anyone with decision-making authority granted under the Mental Capacity Act, such as a court appointed deputy or an attorney appointed under a Lasting Power of Attorney (LPA).<\/p>\n<p>[case_study number=&#8221;6&#8243;]<\/p>\n<p>The decision to request an indirect payment is about the person\u2019s welfare but not all deputies and attorneys will have the authority to make this type of decision. The following is a simple guide to these possible roles:<\/p>\n<ol>\n<li>An attorney or deputy for <em>welfare<\/em> has the authority to request or refuse an indirect payment even if your judgement is that it is in the person\u2019s best interests to receive one; they are the authorised person provided they meet the other conditions (below) or they choose not to take on the role.<\/li>\n<li>Where an attorney or deputy for <em>welfare<\/em> chooses not to take on the role of authorised person, for an indirect payment to be made, the agreement of the attorney or deputy must still be sought. <\/li>\n<li>Where there is an attorney or deputy for <em>property and financial affairs<\/em>, they do not have the authority to request or refuse an indirect payment. However, you should consult with them before deciding whether having an indirect payment will be in the person\u2019s best interests.<\/li>\n<li>Any attorney or deputy (either for welfare or for property and affairs) should be considered first for the role of authorised person if they are willing and able to take on this role and are considered by you to be an appropriate person for it.<\/li>\n<\/ol>\n<p><strong>Condition 2: the local authority is not prohibited by regulations under section 33 from meeting the adult\u2019s needs by making direct payments to the authorised person, and if regulations under that section give the local authority discretion to decide not to meet the adult\u2019s needs by making direct payments to the authorised person, it does not exercise that discretion.<\/strong><\/p>\n<p>This condition refers to the Care and Support (Direct Payments) Regulations 2014 which sets out situations where direct payments may not be made, whether or not the person with care needs lacks the capacity to request them. In relation to a request for an indirect payment made by an authorised person, there are three general prohibitions:<\/p>\n<ol>\n<li>A direct payment may not be paid to a close family member living in the same household to deliver personal care, although the local authority may agree to this in exceptional circumstances. However, the Regulations do allow part of the direct payment to be used for the administration and management of the direct payment by a close family member \u2013 this may be especially relevant where the direct payment is substantial and is used to meet complex care needs.<\/li>\n<li>Direct payments may not be used to fund long-term residential care. However, they may be used to fund short-term stays (four weeks in any twelve month period) and direct payments may still be used by long-term residents to meet non-care related needs, for example, to try out independent living arrangements before making a commitment to moving out of their care home or to take part in day-time activities provided in the community.<\/li>\n<li>Direct payments may not be made to people subject to a range of drug and alcohol treatment regimes listed in Schedule 1 of the Regulations.<\/li>\n<\/ul>\n<p><strong>Condition 3: the local authority is satisfied that the authorised person will act in the adult\u2019s best interests in arranging for the provision of the care and support for which the direct payments under this section would be used.<\/strong><\/p>\n<p>In addition to the best interests process described in the previous section, you should also ask if the authorised person has the \u201cstrongest incentive\u201d to act in the best interests of the person with care needs by ensuring that the money is properly spent on the appropriate care and support identified in the care and support plan. <\/p>\n<p>The authorised person will be taking on a role of trust, requiring them to display integrity both in the way they uphold the person\u2019s best interests but also in the way they manage public money You must therefore consider their motivations in taking on the role and the extent to which they are best placed to understand and promote and protect the person\u2019s best interests. For this reason a family member is often the most obvious choice for authorised person.<\/p>\n<figure>You should be mindful of any potential conflicts of interest, family disagreements or family members feeling obliged to take on the role rather than freely agreeing to do so. As a social care practitioner you should ensure that there is no overt or subtle pressure placed upon anyone to become the authorised person.<\/figure>\n<p>If there is no-one with these roles or no-one that is willing to take on the role of the authorised person, then others could be considered including a professional such as an independent broker, advocate or solicitor. It is important to note that if the authorised person is not a family member or close friend, they will need to have a Disclosure and Barring Service (DBS) check.<\/p>\n<p><strong>Condition 4: the local authority is satisfied that the authorised person is capable of managing the direct payment by himself or herself, or with whatever help the authority thinks the authorised person will be able to access.<\/strong><\/p>\n<p>The following questions may help you decide whether this condition is met.<\/p>\n<p><em>Do they have the necessary advice about what the role entails to consent to act as the authorised person?<\/em> You should be able to explain to anyone considering the role what it will entail. You can use the section \u2018making it \u0004work\u0005\u2019 to get more detail about the expectations placed upon an authorised person. In particular, they will need to understand their responsibilities under the Mental Capacity Act. <\/p>\n<p><em>Are they willing to act as the authorised person without feeling pressured into to doing so?<\/em> Research suggests that family members sometimes feel an obligation to become the authorised person. This may stem from expectations held by the person who lacks capacity, other family members or from professionals. The potential authorised person may also experience other demands such as care commitments or holding down a job. It is therefore important to talk these things through with everyone involved, identify the support available to the authorised person, and agree the best way forward.<\/p>\n<p><em>Are they capable of managing the indirect payment? <\/em>Having given the potential authorised person information about the role, you will need to make a judgement about whether they are capable of undertaking it. Remember that the general rule about managing direct payments applies; an authorised person may be able to agree to receive the direct payment, but choose to get help managing it for them from a direct payments support service, for example.<\/p>\n<p><em>Have they agreed to meet the responsibilities of taking on the role and understand the consequences of not doing so? <\/em>The authorised person needs to understand that the indirect payment will be subject to a legal agreement between themselves and the council and place obligations on them under the Mental Capacity Act. <\/p>\n<p>Each council should have a standard agreement which may include the following responsibilities:<\/p>\n<ul>\n<li>To understand and follow good practice in making decisions on behalf of someone who lacks capacity and to act in their \u2018best interests\u2019 in compliance with the Mental Capacity Act.<\/li>\n<li>To consult with and involve the person as far as is practicable in making decisions about their care and support and use of the indirect payment.<\/li>\n<li>Help the person maintain as much control and independence as possible.<\/li>\n<li>To consult with people who are close to the person and others, such as health and social care professionals, where this is appropriate.<\/li>\n<li>To use the indirect payment to meet the needs of the person and achieve the outcomes agreed with the council, as described on the care and support plan.<\/li>\n<li>If employing staff to provide services, to act lawfully as an employer.<\/li>\n<li>To inform the council if the person regains mental capacity to request a direct payment managed directly by themselves.<\/li>\n<\/ul>\n<p>The authorised person should know that they can give up the role. Plans should be made to address this possibility and what might happen in the event of the authorised person not being able to fulfil the role temporarily, perhaps because of illness.<\/p>\n<p><strong>Condition 5: the local authority is satisfied that making direct payments to the authorised person is an appropriate way to meet the needs described on the care and support plan.<\/strong><\/p>\n<p>Your judgement about this condition should flow naturally from the outcome of the best interests process described earlier. <\/p>\n<p><strong>Mental Capacity Act responsibilities<\/strong><\/p>\n<p>It is vital that the authorised person has information about the MCA and understands their responsibilities under the MCA. It is quite possible that the authorised person may never have heard of the MCA so it will be important to provide them with information about it that has been written for family \u0004carers\u0005. They will need to know what best interests decisions are and how to make them. They will also need to know that in the role of authorised person does not mean that they make all the decisions for the person \u2013 the person receiving care and support may be able to make many decisions themselves and where they can, these must be respected. The authorised person will therefore also need to be able to give the person help in making decisions where necessary, understand that an unwise decision does not mean the person lacks capacity to make the decision, and be able to assess the person\u2019s capacity to make decisions.<\/p>\n<div class=\"checklist\"><button type=\"button\" aria-expanded=\"false\">Checklist for practitioners<\/button>\n<div>\n<ul>\n<li>Have you identified someone to act as the \u2018authorised person\u2019 to receive the indirect payment on the person\u2019s behalf?<\/li>\n<li>Are you satisfied the authorised person meets the conditions set out in the Regulations?<\/li>\n<li>Has the authorised person signed an agreement with the council about their responsibilities?<\/li>\n<li>Does the authorised person have information and understand their responsibilities in relation to the MCA?<\/li>\n<\/ul>\n<\/div>\n<\/div>\n","excerpt":"<p>The Care Act says that councils should make direct payments to someone who lacks the where there is an appropriate and willing person to receive the direct payments on their behalf. This person is known as the \u2018authorised person\u2019. Prior to the Care Act coming into force they were known as the \u2018suitable person\u2019. From &hellip; <a href=\"http:\/\/indirectpayments.org.uk\/2013\/09\/identifying-an-authorised-person\/\" class=\"more-link\">Continue reading <span class=\"screen-reader-text\">Identifying an \u2018authorised person\u2019<\/span> <span class=\"meta-nav\">&rarr;<\/span><\/a><\/p>\n","date":"2013-09-13 12:37:03","modified":"2015-03-02 10:57:57","categories":[],"tags":[],"author":{"id":1,"slug":"the_curator","name":"the_curator","first_name":"","last_name":"","nickname":"the_curator","url":"","description":""},"comments":[],"attachments":[],"comment_count":0,"comment_status":"open","custom_fields":{}},{"id":47,"type":"post","slug":"managing-an-indirect-payment","url":"http:\/\/indirectpayments.org.uk\/2013\/09\/managing-an-indirect-payment\/","status":"publish","title":"Managing an indirect payment","title_plain":"Managing an indirect payment","content":"<p>The authorised person will be responsible for arranging the services and support detailed in the person\u2019s support plan. However, as a practitioner, you should discuss what support may be available to help them do this, such as a support brokerage service or through a local direct payments support service.<\/p>\n<figure><a href=\"http:\/\/www.nationalbrokeragenetwork.org.uk\/choose-a-broker\/\">The National Brokerage Network \u0004website<\/a>\u0005 allows you to search for support brokerage services in your area.<\/figure>\n<p>Many Direct Payments Support Services are contracted by local councils from independent organisations to provide support and advice to people using direct payments. The services offered vary, but are likely to include:<\/p>\n<ul>\n<li>Recruitment of staff<\/li>\n<li>Employer responsibilities towards personal assistants (PAs)<\/li>\n<li>Keeping accounts of how money is spent<\/li>\n<li>Sorting out payments to PAs and services<\/li>\n<\/ul>\n<p>The guidance on direct payments notes that \u2018support provided through voluntary organisations and user-led organisations has been shown to be particularly effective and valued by recipients\u2026 The experience of existing recipients of direct payments is that they find it easier to seek advice from someone who is independent of their local council\u2019.<\/p>\n<figure>Centres for Independent Living (CILs) can help authorised persons consider their options and find out about the support that will be available to them. Many CILs provide the local Direct Payment Support Service. You can find out more about CILs including those available in your area from the <a href=\"http:\/\/www.ncil.org\/\">National Centre for Independent Living \u0004website\u0005<\/a>.<\/figure>\n<p>The Care and Support (Direct Payments) Regulations 2014 maintains the prohibition on paying a family member living in the same household to provide care, but it does allow for the use of the direct payment to pay for the \u2018administration\/management\u2019 of a large payment since<em> \u201corganising care and support can be a complex and time consuming task. This allows family members performing this task to be paid a proportion of the direct payment, similar to what many direct payment holders pay to third-party support organisations, as long as the local authority allows this\u201d (Care and Support Statutory Guidance, para 12.36).<\/em><\/p>\n<p>The arrangement for indirect payments will be set out in an agreement between the council and the authorised person, acting on behalf of the person who lacks capacity. The agreement forms a legal contract.<\/p>\n<p>An indirect payment may only be used to purchase support that has been agreed with the council and set out in the person\u2019s support plan. Make sure that the authorised person understands what is in the support plan and how this should be used to guide their decision-making.<\/p>\n<figure>Direct (and indirect payments) are designed to be used flexibly to support people to live independently. They may be used to purchase services or equipment and other individual items. They may not be used to purchase services provided by the council and may not be used to purchase residential care other than for short-term respite breaks.<\/figure>\n<p>All decisions about the use of the indirect payment made by the authorised person must follow a best interests process. This means that they should include the person being supported to indicate their preferences and choices as much as possible.<\/p>\n<p>The authorised person should be given good, clear information about what the possible choices for purchasing the person\u2019s support, such as employing a personal assistant or using a care agency.<\/p>\n<p>Remind the authorised person that if they employ staff they must work within employment legislation. You should ensure that they have the right support and advice to be a good employer. The <a href=\"http:\/\/www.ncil.org\/\">local Direct Payments Support \u0004Service\u0005<\/a> should be able to offer this.<\/p>\n<p>An indirect payment cannot usually be used to employ a spouse, partner or a close relative who lives in the same household as the person receiving care although the council can waive these restrictions in exceptional circumstances. Close relatives who live elsewhere can be employed, however.<\/p>\n<p>Anyone who is not a family member or friend employed to provide support to the person who lacks capacity must have a Disclosure and Barring Service (DBS) check. While there is no requirement to carry out a DBS check on family members or close friends employed to provide support, you should remind the authorised person that the option of carrying out a DBS check is open to them.<\/p>\n<p>Remind the authorised person that if they are using a service provider, such as a care agency, they will need to:<br \/>\n1. Check the quality and credentials of the service. They should check that the provider is of sufficient quality and registered to provide personal care. This can be done through the <a href=\"http:\/\/www.cqc.org.uk\/\">Care Quality Commission \u0004website\u0005<\/a>.<\/p>\n<p>You can help by putting them in touch with other people who have used that service or by asking your commissioning team for any local information about the provider.<\/p>\n<p>2. Be aware of any obligations and terms and conditions that are stipulated in the contract.<br \/>\nThe authorised person will need to keep records of how the direct payment has been spent and share these with the council when asked. These will include:<\/p>\n<ul>\n<li>Bank statements,<\/li>\n<li>Records of expenditure on staff (hours worked and payments made as well as the payments to the Inland Revenue)<\/li>\n<li>Any agency invoices and receipts (if applicable)<\/li>\n<li>Receipts for one-off payments or cash payments over a specified amount for items or services identified in the person\u2019s support plan.<\/li>\n<\/ul>\n<p>Make sure there are contingency arrangements in place in case anything goes wrong, including what will happen if the authorised person is unable to continue in the role. Examples of contingency plans that people who receive direct payments might make include making arrangements with independent agencies for emergency cover, or recruiting personal assistants who are prepared to work additional shifts at short notice when necessary. However, it remains possible that difficulties will arise that have not been anticipated and that cannot be covered by the arrangements the individual has made. In these circumstances, the direct payment recipient should know that they can contact a named individual in the council or support service for help.<\/p>\n<p>The authorised person will be expected to attend reviews of the person\u2019s needs, and give information on how the indirect payment has been working.<\/p>\n<p>The authorised person should be aware of the council\u2019s procedures for adult safeguarding. Make sure the authorised person knows what to do to keep the person safe and how to respond to evidence that they have been abused or neglected.<\/p>\n<div class=\"checklist\"><button type=\"button\" aria-expanded=\"false\">Checklist for practioners<\/button>\n<div>\n<ul>\n<li>Have you ensured that arrangements in place to manage the indirect payment?<\/li>\n<li>Have you explored with the authorised person what help they need to manage the indirect payment?<\/li>\n<li>Is there a support plan in place that says how the person\u2019s needs are to be met?<\/li>\n<li>Does the authorised person have a copy of the support plan?<\/li>\n<\/ul>\n<\/div>\n<\/div>\n","excerpt":"<p>The authorised person will be responsible for arranging the services and support detailed in the person\u2019s support plan. However, as a practitioner, you should discuss what support may be available to help them do this, such as a support brokerage service or through a local direct payments support service. The National Brokerage Network \u0004website\u0005 allows &hellip; <a href=\"http:\/\/indirectpayments.org.uk\/2013\/09\/managing-an-indirect-payment\/\" class=\"more-link\">Continue reading <span class=\"screen-reader-text\">Managing an indirect payment<\/span> <span class=\"meta-nav\">&rarr;<\/span><\/a><\/p>\n","date":"2013-09-12 12:46:52","modified":"2015-03-02 10:58:49","categories":[],"tags":[],"author":{"id":1,"slug":"the_curator","name":"the_curator","first_name":"","last_name":"","nickname":"the_curator","url":"","description":""},"comments":[],"attachments":[],"comment_count":0,"comment_status":"open","custom_fields":{}},{"id":53,"type":"post","slug":"monitoring-and-reviewing-an-indirect-payment","url":"http:\/\/indirectpayments.org.uk\/2013\/09\/monitoring-and-reviewing-an-indirect-payment\/","status":"publish","title":"Monitoring and reviewing an indirect payment","title_plain":"Monitoring and reviewing an indirect payment","content":"<p>The council remains responsible for continuing assessment and review to ensure that the person\u2019s assessed needs for services and the objectives set out in their support plan continue to be met by indirect payments. In addition, the authorised person must account to the council for the way that the indirect payments are spent.<\/p>\n<p>Although formal reviews of the indirect payments must be carried out at agreed intervals, you should ensure that the authorised person understands how to alert the council between reviews if:<\/p>\n<ul>\n<li>The person\u2019s needs change;<\/li>\n<li>The person regains capacity to request (or refuse) the direct payment for themselves;<\/li>\n<li>The indirect payment ceases to be the best way of meeting the person\u2019s needs;<\/li>\n<li>Or the authorised person is no longer able or willing to manage the indirect payment.<\/li>\n<\/ul>\n<p>Because the person receiving care and support lacks mental capacity to request the direct payments and it was decided that an indirect payment was in the person\u2019s best interests, you have an additional responsibility to ensure that this continues to be the case. <\/p>\n<p>The authorised person will need to keep records of how the direct payment has been spent and share these with the council\u2019s finance department. These will include:<\/p>\n<ul>\n<li>Bank statements<\/li>\n<li>Records of expenditure on staff (hours worked and payments made as well as the payments to the Inland Revenue)<\/li>\n<li>Any agency invoices and receipts (if applicable)<\/li>\n<li>Receipts for one-off payments or cash payments over a specified amount for items or services identified in the person\u2019s support plan.<\/li>\n<li>In many cases the authorised person will be assisted in managing the finances by a <a href=\"http:\/\/www.ncil.org\/\">local Direct Payments Support \u0004Service\u0005<\/a>.<\/li>\n<ul>\n<em>\u201cThe Care and Support (Direct Payments) Regulations 2014 set out that the local authority must review the making of direct payments initially within six months, and thereafter every 12 months, and must not require information to be provided more often and in more detail than is reasonably required for the purpose of enabling the authority to know that making direct payment is still an appropriate way of meeting the needs, and that conditions upon which it is made are met. Local authorities should not design systems that place a disproportionate reporting burden upon the individual.\u201d (Care and Support Statutory Guidance, para 12.24) <\/em><\/p>\n<p>The authorised person will be expected to attend reviews of the person\u2019s needs, and give information on how the indirect payment has been working. However, the information that the authorised person is asked to provide for a review should be straightforward and the least onerous possible, consistent with monitoring requirements.<\/p>\n<figure>A review does not need to be a formal event: it may happen during a regular planning meeting or gathering of the person\u2019s circle of support.<\/figure>\n<figure>Check that the authorised person is acting in a way that is consistent with the Mental Capacity Act. This includes seeking the views of the person and others when making best interests decisions related to the management of the indirect payment. Check that they are not making decisions that do not fall within their remit without first applying the principles of the Act.<\/figure>\n<p>Prepare and share as much information as possible beforehand. Think about how the person who is being supported by the indirect payment can best be involved and what help they may need.<\/p>\n<p>Each review will differ, but you should use it to consider the following questions:<\/p>\n<ul>\n<li>Have the person\u2019s assessed needs changed significantly?<\/li>\n<li>Has the person\u2019s capacity to decide about the indirect payment changed?<\/li>\n<li>Is it still in the person\u2019s best interests to have an indirect payment to meet the person\u2019s needs and promote and protect their well being? <\/li>\n<li>Is the indirect payment being used to meet the person\u2019s needs and achieve the outcomes in their support plan?<\/li>\n<li>Is the authorised person still able and willing to carry out the role?<\/li>\n<li>Does the authorised person require additional support to carry out the role?<\/li>\n<\/ul>\n<p>It is important to record the outcomes of the review and any disagreements that have arisen. <\/p>\n<p>Possible outcomes will include:<\/p>\n<ul>\n<li>Agreement for the arrangements to continue as before;<\/li>\n<li>Alterations to the person\u2019s support plan which may or may not require approval from the council;<\/li>\n<li>A new assessment of the person\u2019s needs,  mental capacity or best interests;<\/li>\n<li>Further support being sought for the authorised person;<\/li>\n<li>Ending the indirect payment.<\/li>\n<\/ul>\n<p>Make sure that the authorised person understands how they can use the council\u2019s complaints procedure if they are unhappy about any aspect of the review process. It is also important to consider whether the authorised person or others in a caring role are eligible for a carers\u2019 assessment.<\/p>\n<div class=\"checklist\"><button type=\"button\" aria-expanded=\"false\">Checklist for practioners<\/button>\n<div>\n<ul>\n<li>Is a timetable in place for reviewing and monitoring the indirect payment (that includes both the financial arrangements and the care and support being provided)?<\/li>\n<\/ul>\n<\/div>\n<\/div>\n","excerpt":"<p>The council remains responsible for continuing assessment and review to ensure that the person\u2019s assessed needs for services and the objectives set out in their support plan continue to be met by indirect payments. In addition, the authorised person must account to the council for the way that the indirect payments are spent. Although formal &hellip; <a href=\"http:\/\/indirectpayments.org.uk\/2013\/09\/monitoring-and-reviewing-an-indirect-payment\/\" class=\"more-link\">Continue reading <span class=\"screen-reader-text\">Monitoring and reviewing an indirect payment<\/span> <span class=\"meta-nav\">&rarr;<\/span><\/a><\/p>\n","date":"2013-09-11 13:11:50","modified":"2015-02-19 15:35:04","categories":[],"tags":[],"author":{"id":1,"slug":"the_curator","name":"the_curator","first_name":"","last_name":"","nickname":"the_curator","url":"","description":""},"comments":[],"attachments":[],"comment_count":0,"comment_status":"open","custom_fields":{}},{"id":55,"type":"post","slug":"ending-an-indirect-payment","url":"http:\/\/indirectpayments.org.uk\/2013\/09\/ending-an-indirect-payment\/","status":"publish","title":"Ending an indirect payment","title_plain":"Ending an indirect payment","content":"<p>The Guidance says that indirect payments should only be terminated as a last resort, or where there is clear and serious contradiction of the Regulations or where the conditions in section 32 of the Act are no longer \u0004met.\u0005 It goes on, <em>\u201clocal authorities should take all reasonable steps to address any situations without the termination of the payment. Effective, but proportionate monitoring processes will help local authorities to spot any potential issues before a termination is necessary\u201d<\/em> (para 12.67)<\/p>\n<p>There are a number of scenarios which would result in ending an indirect payment. These may arise at any time or come to light during a regular review.<\/p>\n<p>The authorised person has a right to cease undertaking the role at any time. They may be unwilling to continue because of their circumstances or be unable to because of ill health. This will invariably have consequences for the person\u2019s care and support. You should consider:<\/p>\n<ul>\n<li>Is there something that can be done to enable the authorised person to continue in the role?<\/li>\n<li>Is there a contingency plan in place? If so what action will be required from you? For example, you may need to appoint a new authorised person.<\/li>\n<li>You may need to arrange emergency care or support.<\/li>\n<li>If the person\u2019s future care and support is likely to be provided by the council or an agency, what are the implications for personal assistants or others employed directly to support the person?<\/li>\n<\/ul>\n<p><strong>Reasons for ending an indirect payment<\/strong><\/p>\n<ul>\n<li>The person may regain capacity to request (or refuse) the (in)direct payment. If a council is satisfied that a person who previously lacked capacity has regained it on a long-term or permanent basis, then it has a duty to discontinue the direct payments to the authorised person and instead to make the payment to the person requiring care and support, providing that they request it as the way they want their care and support provided. The council must therefore consult with the person about whether they wish to receive direct payments. As practitioner, these will be your responsibilities to carry out.<\/li>\n<\/ul>\n<figure>If you believe that the person\u2019s capacity is likely to fluctuate, the council can continue to make the direct payment to the authorised person so long as they agree that the person will be able to manage it during the times that they have capacity to do so.<\/figure>\n<ul>\n<li>There are significant changes to the person\u2019s care needs. This may mean that the person recovers such that their needs no longer meet the council\u2019s eligibility criteria, or their needs have changed so that they now require support from health care services, for example. This is likely to require a reconsideration of the person\u2019s best interests.<\/li>\n<li>Other care and support options may become are available which are in the person\u2019s best interests, perhaps because a new service has become available which could be considered or because the person\u2019s health and safety is at risk under the current arrangements.<\/li>\n<li>Direct payments must be discontinued if the council is no longer satisfied for whatever reason that the authorised person is acting in the best interests of the person requiring care or support. This may include evidence of mismanagement by the authorised person or that one or more of the terms and conditions of the Direct Payment Agreement that the authorised person signed with the council are not being met; such as inadequate record keeping, the failure to submit records or the illegal or fraudulent misuse of monies or expenditure outside of that agreed in the person\u2019s support plan.<\/li>\n<\/ul>\n<p>Where an indirect payment is suspended or stopped, the council must make sure that alternative services are offered to meet the assessed needs of the person. This should be done in a person-centred way that ensures a smooth transition to the new support arrangement.<\/p>\n","excerpt":"<p>The Guidance says that indirect payments should only be terminated as a last resort, or where there is clear and serious contradiction of the Regulations or where the conditions in section 32 of the Act are no longer \u0004met.\u0005 It goes on, \u201clocal authorities should take all reasonable steps to address any situations without the &hellip; <a href=\"http:\/\/indirectpayments.org.uk\/2013\/09\/ending-an-indirect-payment\/\" class=\"more-link\">Continue reading <span class=\"screen-reader-text\">Ending an indirect payment<\/span> <span class=\"meta-nav\">&rarr;<\/span><\/a><\/p>\n","date":"2013-09-10 13:16:28","modified":"2015-02-19 15:37:16","categories":[],"tags":[],"author":{"id":1,"slug":"the_curator","name":"the_curator","first_name":"","last_name":"","nickname":"the_curator","url":"","description":""},"comments":[],"attachments":[],"comment_count":0,"comment_status":"open","custom_fields":{}},{"id":57,"type":"post","slug":"case-studies","url":"http:\/\/indirectpayments.org.uk\/2013\/09\/case-studies\/","status":"publish","title":"Case Studies","title_plain":"Case Studies","content":"<h3>Case study: an adult with learning disabilities who has the capacity to consent but needs support to decide how to spend her direct payments<\/h3>\n<p>Julie has a moderate learning disability as well as sight and hearing impairments. Her social worker tells her about direct payments. He takes time to make sure Julie has understood what receiving direct payments involves and is satisfied that Julie has the capacity to decide to receive direct payments. Julie says that she finds it difficult to decide on a provider to meet her needs so she asks for an independent advocate to assist her in making this decision. So even though she has the capacity to agree to direct payments, she receives support when deciding how to spend them.<\/p>\n<p>(Taken from the Sense website)<\/p>\n<h3>Case study: temporary loss of capacity to consent<\/h3>\n<p>Barbara is an older woman who has been using direct payments to pay two personal assistants to help her at home and to get out and about. This arrangement has worked well for a number of years. However, a urinary tract infection causes her temporary confusion over a period of a few weeks. She is uncertain about where she is and does not always recognise her personal assistants. She temporarily loses her capacity to make decisions and her daughter, who visits her regularly, speaks to the local council. It is agreed that while Barbara is unwell, her daughter will manage the direct payments and other financial matters for her. However, once Barbara has been treated with antibiotics, her confusion clears and she is able to take control of her own financial affairs again, including the direct payments.<\/p>\n<p>(From the DH guidance on direct payments, 2009 \u2013 guidance superseded by the Care Act guidance)<\/p>\n<h3>Case study: using indirect payments as part of a mixed package of support<\/h3>\n<p>Mr F is a young man with autism and challenging behaviour who lives with his father. Prior to receiving direct payments, he attended a day centre for five days a week and received respite care for 56 nights per year. His behaviour was challenging in both services and additional one-to-one support was required to enable him to engage in any activities.<\/p>\n<p>Mr F\u2019s council has recently moved to make personal budgets its mainstream delivery mechanism for social care. It was felt that Mr F might benefit from the flexibility and choice provided by direct payments and so his father reduced his day centre attendance to three days a week and employed a personal assistant to provide support on other days. With the family\u2019s general agreement, Mr F\u2019s father was appointed as an authorised person to manage the direct payments and has been able to employ a small team of care workers to support his son, limiting changes in staff contact and providing a seamless service for Mr F.<\/p>\n<p>Mr F is now also able to take part in activities at his mother\u2019s house, with whom he stays on a regular basis. Mr F now has a personal budget comprising a mixed package of care that includes local authority provision, Independent Living Fund (ILF)-funded care and direct payments. The combination enables him to benefit from formal daycare, short breaks, social and leisure activities, domestic support and personal care. He appears to be much happier; he engages more with staff and peers and presents far less challenging behaviour.<\/p>\n<p>(From the DH guidance on direct payments, 2009 &#8211; guidance superseded by the Care Act guidance)<\/p>\n<h3>Case study: involvement in decision making through non-verbal communication<\/h3>\n<p>Kirsten is a young woman aged 27. She has multiple impairments \u2013 both physical and cognitive \u2013 and has complex health needs and epilepsy (which is not well controlled). Kirsten does not use verbal language to communicate nor does she understand verbal language. Her cognitive ability is such that she cannot make  complex decisions about the future. She communicates through gestures, body movements, emotions and changes in her routine behaviour.<\/p>\n<p>When Kirsten left school, aged 19, she started in a day service five days each week. The service worked well \u2013 Kirsten showed that she was happy and enjoyed going through smiles, eye contact with staff, laughing, blowing kisses and eating well. However, after about three years, staff in the service noticed that towards the end of the week Kirsten started to be less interested in the activities, fell asleep regularly and often did not want to eat. Kirsten\u2019s family felt that she was telling them that five days in the same environment was too much.<\/p>\n<p>(From the DH guidance on direct payments, 2009 &#8211; guidance superseded by the Care Act guidance)<\/p>\n<h3>Case study: planning transition for young people lacking capacity<\/h3>\n<p>Michael is an 18-year-old man with severe learning disabilities and challenging behaviour who lives with his parents and his older brother. Several years ago, the introduction of direct payments to enable Michael\u2019s parents to purchase support for him had a hugely positive impact on the whole family. Michael had responded well to the personal assistants employed and had become calmer and less aggressive, indicating to his family and professionals familiar with his circumstances that he was happy with the arrangements.<\/p>\n<p>As Michael approached the age of 18, discussions were held between the children\u2019s services team, the senior nurse from the community team for learning disability, the direct payments support team and Michael\u2019s family about his future support arrangements. As the care package had been running so successfully for such a long time, it was decided that it would be in Michael\u2019s best interests for his mother to act as an authorised person and so continue to receive direct payments to manage his support. The decision was made by means of a multi-disciplinary meeting which emphasised that Michael\u2019s best interests were of first priority.<\/p>\n<p>(From the DH guidance on direct payments, 2009 &#8211; guidance superseded by the Care Act guidance)<\/p>\n<h3>Case study: a family member receiving direct payments on behalf of an older deaf-blind person who lacks capacity<\/h3>\n<p>Anne became deaf-blind as she grew older and started to use direct payments to employ a communicator guide. She lives with her daughter Susan and when planning for the future, she decided to give Susan Lasting Power of Attorney for both financial and personal welfare decisions. Anne has now developed dementia and is unable to request the direct payment herself, when it is reviewed. Therefore Susan can become an authorised person and receive the direct payment on behalf of her mother. Susan is happy to take on this role and employs the communicator guide herself because all agree (including Anne as far as she is able to indicate) it continues to be in Anne\u2019s best interests. She receives support from the local direct payments support service that manage staff payroll and work out the quarterly tax and National Insurance payments.<\/p>\n<p>(Adapted from the Sense website)<\/p>\n<h3>Case study: a surrogate being consulted about who should act as authorised person<\/h3>\n<p>A few years ago Mustafa gave his partner Lasting Power of Attorney (an LPA) for welfare that covers securing services to meet his care needs. Mustafa now lacks the capacity to request  the direct payment. When it is reviewed His partner doesn\u2019t want to take on the role of the authorised person. Given the remit of the LPA, his partner qualifies as someone who must be consulted  about who should act as the authorised person. The council and partner agree that they would like an independent care broker to be the authorised person. The broker must undergo a DBS check.<\/p>\n<p>(Adapted from the Sense website)<\/p>\n<h3>Case study: capacity to request, capacity to manage a direct payment, and a nominated person<\/h3>\n<p>Leroy is coming up to his 18th birthday. He has a learning disability and receives social care provided by local social services, but managed on his behalf by his mother through a direct payment. A discussion takes place involving Leroy, the children\u2019s services team, the senior nurse from the community team for learning disability, the direct payments support team, and Leroy\u2019s mother about his future support arrangements. It is explained to Leroy and his mother that when he is 18 he can request the direct payment for himself. Leroy likes the idea of this and everyone agrees that he has the capacity to make this request. However, his mother and most of the practitioners involved team are concerned that he is unable to use and weigh up the information involved in making the decision about using the direct payment to obtain the care and support that has been agreed. Leroy is also a bit worried about managing the money. It is agreed therefore that Leroy can make the request and his mother will be the nominated person to actually manage the direct payment \u2013 it is also agreed to provide her with information about mental capacity, best interests etc. However, the nurse from the learning disability team is keen that Leroy develops independent living skills and believes that in time and with support Leroy may be able to take more responsibility for managing the direct payment himself. It is therefore also agreed that the learning disability team will support Leroy and his mother to enable Leroy to develop his decision making skills to be able to take on more responsibility for his direct payment. <\/p>\n<p>(Mental Health Foundation)<\/p>\n","excerpt":"<p>Case study: an adult with learning disabilities who has the capacity to consent but needs support to decide how to spend her direct payments Julie has a moderate learning disability as well as sight and hearing impairments. Her social worker tells her about direct payments. He takes time to make sure Julie has understood what &hellip; <a href=\"http:\/\/indirectpayments.org.uk\/2013\/09\/case-studies\/\" class=\"more-link\">Continue reading <span class=\"screen-reader-text\">Case Studies<\/span> <span class=\"meta-nav\">&rarr;<\/span><\/a><\/p>\n","date":"2013-09-09 13:18:47","modified":"2015-02-19 15:05:36","categories":[],"tags":[{"id":3,"slug":"case-studies","title":"case studies","description":"","post_count":1}],"author":{"id":1,"slug":"the_curator","name":"the_curator","first_name":"","last_name":"","nickname":"the_curator","url":"","description":""},"comments":[],"attachments":[],"comment_count":0,"comment_status":"open","custom_fields":{}},{"id":11,"type":"post","slug":"glossary-of-terms","url":"http:\/\/indirectpayments.org.uk\/2013\/09\/glossary-of-terms\/","status":"publish","title":"Glossary of terms","title_plain":"Glossary of terms","content":"<h3>Assessment of Capacity<\/h3>\n<p>The process described by the Mental Capacity Act (MCA) and the MCA Code of Practice to establish whether someone has the capacity to make a particular decision. No decisions can be made on behalf of someone else under the MCA unless it has been established that they lack mental capacity to make the decision themselves. Sometimes specialist help, from a psychiatrist, psychologist or a speech and language therapist will be required, but it remains the responsibility of the person proposing to make the decision (the \u2018decision-maker\u2019) to ensure that an assessment is carried out.<\/p>\n<h3>Attorney<\/h3>\n<p>A person with authority under Lasting Power of Attorney (LPA) or Enduring Power of Attorney (EPA) who has legal right to make decisions within the scope of their authority on behalf of the person (the donor) who made the LPA\/EPA. People can be an attorney for health and welfare decisions, or property and financial decisions, or both.<\/p>\n<h3>Authorised Person<\/h3>\n<p>An authorised person can request and manage a direct payment on behalf of someone who lacks capacity to do so themselves, provided they meet five conditions set out in section 32 of the Care Act and carry out the role of authorised person in accordance with the MCA.<\/p>\n<h3>Best Interests<\/h3>\n<p>Any decision made or action taken on behalf of a person who lacks capacity must be done in their best interests. Any action or decision that might restrict a person\u2019s freedom of action must be the least restrictive option that will meet their needs.<\/p>\n<h3>Brokerage<\/h3>\n<p>See Support Brokerage.<\/p>\n<h3>The Care Act<\/h3>\n<p>The Care Act 2014 introduced a wide range of reforms to social care and support in England Wales, taking effect from April 1st 2015. It provides a single legal framework for assessing the care and support needs of an individual, planning how best to meet those needs and how their care and support is to be paid for.<\/p>\n<h3>Care and Support Plan<\/h3>\n<p>A care and support plan is a document prepared by a local authority which specifies, amongst other things: (a) the needs identified by the needs assessment; (b) to what extent the needs meet the eligibility criteria; (c) the needs that the local authority is going to meet and how it is going to meet them; and (d) the personal budget for the person concerned. Where some or all of the needs are to be met by making direct payments, the plan must also specify which needs are to be met and the amount and frequency of the direct payments.<\/p>\n<h3>Care and Support Statutory Guidance<\/h3>\n<p>This guidance sets out how local authorities must implement the Care Act and how it will work in practice when the first phase of the care and support reforms apply from April 2015. It replaces previous statutory guidance including the 2009 guidance on direct payments for people who lacked capacity.<\/p>\n<h3>Circle of Support<\/h3>\n<p>A circle is a group of people who agree to meet on a regular basis to support someone and help them plan their future.<\/p>\n<h3>Decision-Maker<\/h3>\n<p>The decision-maker is the person who needs to make a decision on behalf of another person who lacks capacity. The decision-maker must follow the principles laid out in the Mental Capacity Act Code of Practice and act in the person\u2019s best interests.<\/p>\n<h3>Deputy<\/h3>\n<p>A person appointed by the Court of Protection with authority prescribed by the Court to make certain decisions on behalf of a person lacking capacity to make that particular decision themselves. People can be appointed deputy for health and welfare decisions, property and financial decisions, or both.<\/p>\n<h3>Direct Payments<\/h3>\n<p>Money paid by councils directly to individuals assessed as eligible for care and support services. People who chose to receive a direct payment use the money to purchase care, support, services or equipment that the council would otherwise provide or commission.<\/p>\n<h3>Direct Payment Support Services<\/h3>\n<p>Services often provided by independent organisations, such as Centres for Independent Living, to provide support and advice to people using direct payments. Some councils provide these services in-house.<\/p>\n<h3>Enduring Power of Attorney<\/h3>\n<p>Enduring Power of Attorney (EPA) was replaced by the two forms of Lasting Power of Attorney (LPA) introduced under the provisions of the Mental Capacity Act. No new EPAs can now be drawn, although an EPA signed before 1st October 2007 is still valid so long as it is registered through the Office of the Public Guardian.<\/p>\n<h3>Functional Test of Capacity<\/h3>\n<p>The \u2018functional\u2019 test of capacity is the test required by the Mental Capacity Act to decide if someone has capacity to make a specific decision or not. There are four components:<\/p>\n<ul>\n<li>Can the person understand the information (communicated\/provided in the most appropriate format for the person) required to make the decision?<\/br><\/li>\n<li>Can the person retain the information for long enough to make the decision?<\/br><\/li>\n<li>Can the person use or weigh up the information to make the decision (e.g. understand the different outcomes, depending upon their decision)?<\/br><\/li>\n<li>Can the person communicate their decision?<\/br><\/li>\n<\/ul>\n<p>If the person is unable to do one or more of the above then they lack capacity to make the decision.<\/p>\n<h3>Independent Advocacy<\/h3>\n<p>Local authorities must provide independent advocacy to facilitate the involvement of a person with care needs in the care and support assessment, planning and review processes where that person would experience \u2018substantial difficulty\u2019 in understanding, retaining or using information given, or in communicating their views, wishes or feelings and where there is no other appropriate person (such as a family member) to support them. Nb: although these are the same criteria used in the Mental Capacity to determine whether or not some lacks capacity to make a decision, the involvement of an independent advocate does not imply that the person lacks capacity. For further information see chapter 7 of the Care and Support Statutory Guidance.<\/p>\n<h3>Independent Mental Capacity Advocate (IMCA)<\/h3>\n<p>An IMCA can be instructed where a person is assessed as lacking capacity to make a decision about either serious medical treatment or a change of accommodation and there is no appropriate family member or friend to represent their views.<\/p>\n<h3>&#8220;Indirect Payments&#8221;<\/h3>\n<p>&#8220;Indirect payments&#8221; is a term used to refer to are a form of direct payment. They are used where a person lacks capacity to request a direct payment, but it is considered to be in their best interests to use them to purchase their care and support. &#8220;Indirect payments&#8221; are paid to an \u2018authorised person\u2019 to manage on behalf of the person who lacks capacity. The term &#8220;indirect payments&#8221; is not a legal or statutory term.<\/p>\n<h3>Lasting Power of Attorney<\/h3>\n<p>Lasting Power of Attorney (LPA) is a power created under the Mental Capacity Act allowing a person to donate authority to an attorney (or attorneys) to make decisions about their personal welfare (including healthcare) and\/or property and affairs if they lose capacity to make these decisions themselves.<\/p>\n<h3>Mental Capacity<\/h3>\n<p>Mental capacity is the ability to make a decision about a particular matter at the time the decision needs to be made.<\/p>\n<h3>Mental Capacity Act<\/h3>\n<p>The Mental Capacity Act 2005 (often referred to as the MCA) came into force in England and Wales in 2007 (Scotland has its own legislation \u2013 the Adults with Incapacity (Scotland) Act 2000, and Northern Ireland is currently developing its own legislation). The Act aims to empower and protect people who may not be able to make some decisions for themselves. It also enables people to plan ahead in case they are unable to make important decisions for themselves in the future.<\/p>\n<h3>Mental Capacity Act Code of Practice<\/h3>\n<p>The Mental Capacity Act Code of Practice provides guidance on how the Act works on a day-to-day basis. It has case studies and explains in more detail what the key features of the law are. Certain categories of people have a legal duty to have regard to the Code, including health and social care professionals, court-appointed deputies, IMCAs, attorneys authorised by LPAs and EPAs, and researchers.<\/p>\n<h3>Personal Budgets<\/h3>\n<p>The Care Act defines a personal budget for an adult as a statement which specifies (a) the cost to the local authority of meeting a person\u2019s care and support needs which it is required or decides to meet; (b) the amount which, on the basis of the financial assessment, the person must pay towards that cost; and (c) the amount which the local authority must pay. It may also specify other amounts of public money that are available in the person\u2019s case including, for example, funds relating to housing, health care or welfare. A direct payment is a form of a personal budget.<\/p>\n<h3>Person Centred Planning<\/h3>\n<p>The Care and Support Statutory Guidance says that the development of a person\u2019s care and support plan \u201cshould be person-centred and person-led, in order to meet the needs and outcomes of the person intended in ways that work best for them as an individual or as part of a family. Both the process and the outcome should be built holistically around people\u2019s wishes and feelings, their needs, values and aspirations, irrespective of the extent to which they choose or are able to actively direct the process\u201d (para 10.5). For a fuller description of person centred planning, see the <a href=\"http:\/\/www.learningdisabilities.org.uk\/help-information\/learning-disability-a-z\/p\/person-centred-planning\/\">Foundation for People with Learning Disabilities website\u0005.<\/a><\/p>\n<h3>Regulations<\/h3>\n<p>In the context of this guide, the Regulations refer to The Care and Support (Direct Payments) Regulations 2014, a statutory instrument which gives effect to those aspects of the Care Act dealing with direct payments.<\/p>\n<h3>Substantial Difficulty<\/h3>\n<p>The Care Act (s 67 (4)) says that local authorities must ensure that a person with care needs has appropriate and suitable support in the planning process (including access to an independent advocate) where he or she would experience \u201csubstantial difficulty\u201d in doing one or more of the following: (a) understanding relevant information; (b) retaining that information; (c) using or weighing that information as part of the process of being involved; (d) communicating the individual\u2019s views, wishes or feelings (whether by talking, using sign language or any other means).<\/p>\n<h3>Suitable Person<\/h3>\n<p>\u2018Suitable person\u2019 was the term used in guidance prior to the Care Act 2014 to refer to someone appointed by the council to receive a direct payment on behalf of someone who lacks capacity to consent to it themselves. The Care Act replaces this term with \u2018authorised person\u2019 to describe the role.<\/p>\n<h3>Support Brokerage<\/h3>\n<p>A Support Broker helps to plan and arrange the support for someone eligible for support from their local council. They are often independent of the council.<\/p>\n","excerpt":"<p>Assessment of Capacity The process described by the Mental Capacity Act (MCA) and the MCA Code of Practice to establish whether someone has the capacity to make a particular decision. No decisions can be made on behalf of someone else under the MCA unless it has been established that they lack mental capacity to make &hellip; <a href=\"http:\/\/indirectpayments.org.uk\/2013\/09\/glossary-of-terms\/\" class=\"more-link\">Continue reading <span class=\"screen-reader-text\">Glossary of terms<\/span> <span class=\"meta-nav\">&rarr;<\/span><\/a><\/p>\n","date":"2013-09-08 08:00:16","modified":"2015-03-02 14:10:42","categories":[],"tags":[{"id":2,"slug":"glossary","title":"glossary","description":"","post_count":1}],"author":{"id":1,"slug":"the_curator","name":"the_curator","first_name":"","last_name":"","nickname":"the_curator","url":"","description":""},"comments":[],"attachments":[],"comment_count":0,"comment_status":"open","custom_fields":{}},{"id":114,"type":"post","slug":"about-this-guide","url":"http:\/\/indirectpayments.org.uk\/2013\/09\/about-this-guide\/","status":"publish","title":"About this Guide","title_plain":"About this Guide","content":"<p>This guide has been written in response to the findings of research project exploring how \u2018indirect payments\u2019 are working in practice. The project was carried out by The Mental Health Foundation and the Norah Fry Research Centre at the University of Bristol.<\/p>\n<p>The research found that aspects of the indirect payments process presented challenges to both practitioners and suitable people. It suggested that local authority staff need better guidance, perhaps in the form of a flexible information resource, to remind them of the different stages and processes of setting up an indirect payment.<\/p>\n<p>The guide is intended to provide information, to help practitioners understand their role and to act as an aide memoire during the process of considering whether or not to use indirect payments. We have included references to the relevant official guidance \u2013 on direct payments and the Mental Capacity Act code of practice \u2013 that social care practitioners must follow when considering the use of indirect payments, as well as some helpful tips drawn from research findings and reviews of good practice in the field.<\/p>\n<p>For further information about the research and this guide, please contact Toby Williamson (twilliamson@mentalhealth.org.uk).<\/p>\n<p>We would like to thank the School for Social Care Research for funding this guide. The views expressed in it are those of the authors and not necessarily those of the NIHR School for Social Care Research or the Department of Health, NIHR or NHS.<\/p>\n<p>We would also like to thank all those involved in the research and members of the project advisory group, especially Surrey County Council\u2019s Adult Social Care Services, for their help in developing the guide.<\/p>\n","excerpt":"<p>This guide has been written in response to the findings of research project exploring how \u2018indirect payments\u2019 are working in practice. The project was carried out by The Mental Health Foundation and the Norah Fry Research Centre at the University of Bristol. The research found that aspects of the indirect payments process presented challenges to &hellip; <a href=\"http:\/\/indirectpayments.org.uk\/2013\/09\/about-this-guide\/\" class=\"more-link\">Continue reading <span class=\"screen-reader-text\">About this Guide<\/span> <span class=\"meta-nav\">&rarr;<\/span><\/a><\/p>\n","date":"2013-09-07 14:56:42","modified":"2015-02-19 12:53:50","categories":[],"tags":[{"id":4,"slug":"auxiliary","title":"auxiliary","description":"","post_count":4}],"author":{"id":1,"slug":"the_curator","name":"the_curator","first_name":"","last_name":"","nickname":"the_curator","url":"","description":""},"comments":[],"attachments":[],"comment_count":0,"comment_status":"open","custom_fields":{}}],"query":{"ignore_sticky_posts":true}}